created_at_utc,block,target,year_start,year_end,start_month,leadtime_months,dataset,originating_centre,system,variable,pressure_level,area,grid,file_path,file_name,size_bytes,sha256,request_json,sha256_file
2026-04-30T09:28:13Z,hindcast_2000_2016,t850,2000,2016,01,"1,2,3,4,5,6",seasonal-monthly-pressure-levels,ecmwf,51,temperature,850,"90.0,-180.0,0.0,180.0","1.0,1.0",/mnt/e/last-aticol/data/raw/c3s/seasonal/monthly-pressure-levels/ecmwf/system_51/hindcast_2000_2016/t850/cds__seasonal-monthly-pressure-levels__ecmwf__system_51__hindcast__2000_2016__t850__m01__lt01-06__NH0_90__grid_1p0.grib,cds__seasonal-monthly-pressure-levels__ecmwf__system_51__hindcast__2000_2016__t850__m01__lt01-06__NH0_90__grid_1p0.grib,167422800,9e41e594b244d8e71fcff4639fd0c58a1857c1f6133486bc6bca3a71a28f7d9b,/mnt/e/last-aticol/data/raw/c3s/seasonal/monthly-pressure-levels/ecmwf/system_51/hindcast_2000_2016/t850/cds__seasonal-monthly-pressure-levels__ecmwf__system_51__hindcast__2000_2016__t850__m01__lt01-06__NH0_90__grid_1p0.grib.request.json,/mnt/e/last-aticol/data/raw/c3s/seasonal/monthly-pressure-levels/ecmwf/system_51/hindcast_2000_2016/t850/cds__seasonal-monthly-pressure-levels__ecmwf__system_51__hindcast__2000_2016__t850__m01__lt01-06__NH0_90__grid_1p0.grib.sha256
2026-04-30T09:28:13Z,hindcast_2000_2016,t850,2000,2016,02,"1,2,3,4,5,6",seasonal-monthly-pressure-levels,ecmwf,51,temperature,850,"90.0,-180.0,0.0,180.0","1.0,1.0",/mnt/e/last-aticol/data/raw/c3s/seasonal/monthly-pressure-levels/ecmwf/system_51/hindcast_2000_2016/t850/cds__seasonal-monthly-pressure-levels__ecmwf__system_51__hindcast__2000_2016__t850__m02__lt01-06__NH0_90__grid_1p0.grib,cds__seasonal-monthly-pressure-levels__ecmwf__system_51__hindcast__2000_2016__t850__m02__lt01-06__NH0_90__grid_1p0.grib,167422800,e82526bd1e91a294d2948125f1cc95f4d5c12ca77ea56767ec6c6f170e7d6c33,/mnt/e/last-aticol/data/raw/c3s/seasonal/monthly-pressure-levels/ecmwf/system_51/hindcast_2000_2016/t850/cds__seasonal-monthly-pressure-levels__ecmwf__system_51__hindcast__2000_2016__t850__m02__lt01-06__NH0_90__grid_1p0.grib.request.json,/mnt/e/last-aticol/data/raw/c3s/seasonal/monthly-pressure-levels/ecmwf/system_51/hindcast_2000_2016/t850/cds__seasonal-monthly-pressure-levels__ecmwf__system_51__hindcast__2000_2016__t850__m02__lt01-06__NH0_90__grid_1p0.grib.sha256
2026-04-30T09:28:13Z,hindcast_2000_2016,t850,2000,2016,03,"1,2,3,4,5,6",seasonal-monthly-pressure-levels,ecmwf,51,temperature,850,"90.0,-180.0,0.0,180.0","1.0,1.0",/mnt/e/last-aticol/data/raw/c3s/seasonal/monthly-pressure-levels/ecmwf/system_51/hindcast_2000_2016/t850/cds__seasonal-monthly-pressure-levels__ecmwf__system_51__hindcast__2000_2016__t850__m03__lt01-06__NH0_90__grid_1p0.grib,cds__seasonal-monthly-pressure-levels__ecmwf__system_51__hindcast__2000_2016__t850__m03__lt01-06__NH0_90__grid_1p0.grib,167422800,4f535263a10e547e4cd49ebc239bf44abc02bb938e329603d33dcb1da128ace8,/mnt/e/last-aticol/data/raw/c3s/seasonal/monthly-pressure-levels/ecmwf/system_51/hindcast_2000_2016/t850/cds__seasonal-monthly-pressure-levels__ecmwf__system_51__hindcast__2000_2016__t850__m03__lt01-06__NH0_90__grid_1p0.grib.request.json,/mnt/e/last-aticol/data/raw/c3s/seasonal/monthly-pressure-levels/ecmwf/system_51/hindcast_2000_2016/t850/cds__seasonal-monthly-pressure-levels__ecmwf__system_51__hindcast__2000_2016__t850__m03__lt01-06__NH0_90__grid_1p0.grib.sha256
2026-04-30T09:28:13Z,hindcast_2000_2016,t850,2000,2016,04,"1,2,3,4,5,6",seasonal-monthly-pressure-levels,ecmwf,51,temperature,850,"90.0,-180.0,0.0,180.0","1.0,1.0",/mnt/e/last-aticol/data/raw/c3s/seasonal/monthly-pressure-levels/ecmwf/system_51/hindcast_2000_2016/t850/cds__seasonal-monthly-pressure-levels__ecmwf__system_51__hindcast__2000_2016__t850__m04__lt01-06__NH0_90__grid_1p0.grib,cds__seasonal-monthly-pressure-levels__ecmwf__system_51__hindcast__2000_2016__t850__m04__lt01-06__NH0_90__grid_1p0.grib,167422800,63c46dc27eb50df1426396690a94052c6a47e343c2ad3baa0e3ea051954dd834,/mnt/e/last-aticol/data/raw/c3s/seasonal/monthly-pressure-levels/ecmwf/system_51/hindcast_2000_2016/t850/cds__seasonal-monthly-pressure-levels__ecmwf__system_51__hindcast__2000_2016__t850__m04__lt01-06__NH0_90__grid_1p0.grib.request.json,/mnt/e/last-aticol/data/raw/c3s/seasonal/monthly-pressure-levels/ecmwf/system_51/hindcast_2000_2016/t850/cds__seasonal-monthly-pressure-levels__ecmwf__system_51__hindcast__2000_2016__t850__m04__lt01-06__NH0_90__grid_1p0.grib.sha256
2026-04-30T09:28:13Z,hindcast_2000_2016,t850,2000,2016,05,"1,2,3,4,5,6",seasonal-monthly-pressure-levels,ecmwf,51,temperature,850,"90.0,-180.0,0.0,180.0","1.0,1.0",/mnt/e/last-aticol/data/raw/c3s/seasonal/monthly-pressure-levels/ecmwf/system_51/hindcast_2000_2016/t850/cds__seasonal-monthly-pressure-levels__ecmwf__system_51__hindcast__2000_2016__t850__m05__lt01-06__NH0_90__grid_1p0.grib,cds__seasonal-monthly-pressure-levels__ecmwf__system_51__hindcast__2000_2016__t850__m05__lt01-06__NH0_90__grid_1p0.grib,167422800,5169cd26f98ff9d93fe89e515f5aaaf938059d57dab89ec27d4dd3e90fd118c1,/mnt/e/last-aticol/data/raw/c3s/seasonal/monthly-pressure-levels/ecmwf/system_51/hindcast_2000_2016/t850/cds__seasonal-monthly-pressure-levels__ecmwf__system_51__hindcast__2000_2016__t850__m05__lt01-06__NH0_90__grid_1p0.grib.request.json,/mnt/e/last-aticol/data/raw/c3s/seasonal/monthly-pressure-levels/ecmwf/system_51/hindcast_2000_2016/t850/cds__seasonal-monthly-pressure-levels__ecmwf__system_51__hindcast__2000_2016__t850__m05__lt01-06__NH0_90__grid_1p0.grib.sha256
2026-04-30T09:28:13Z,hindcast_2000_2016,t850,2000,2016,06,"1,2,3,4,5,6",seasonal-monthly-pressure-levels,ecmwf,51,temperature,850,"90.0,-180.0,0.0,180.0","1.0,1.0",/mnt/e/last-aticol/data/raw/c3s/seasonal/monthly-pressure-levels/ecmwf/system_51/hindcast_2000_2016/t850/cds__seasonal-monthly-pressure-levels__ecmwf__system_51__hindcast__2000_2016__t850__m06__lt01-06__NH0_90__grid_1p0.grib,cds__seasonal-monthly-pressure-levels__ecmwf__system_51__hindcast__2000_2016__t850__m06__lt01-06__NH0_90__grid_1p0.grib,167422800,1c54016656ce9705a8c21c372a570662ba29d67aac15295df3188e9632cab9fe,/mnt/e/last-aticol/data/raw/c3s/seasonal/monthly-pressure-levels/ecmwf/system_51/hindcast_2000_2016/t850/cds__seasonal-monthly-pressure-levels__ecmwf__system_51__hindcast__2000_2016__t850__m06__lt01-06__NH0_90__grid_1p0.grib.request.json,/mnt/e/last-aticol/data/raw/c3s/seasonal/monthly-pressure-levels/ecmwf/system_51/hindcast_2000_2016/t850/cds__seasonal-monthly-pressure-levels__ecmwf__system_51__hindcast__2000_2016__t850__m06__lt01-06__NH0_90__grid_1p0.grib.sha256
2026-04-30T09:28:13Z,hindcast_2000_2016,t850,2000,2016,07,"1,2,3,4,5,6",seasonal-monthly-pressure-levels,ecmwf,51,temperature,850,"90.0,-180.0,0.0,180.0","1.0,1.0",/mnt/e/last-aticol/data/raw/c3s/seasonal/monthly-pressure-levels/ecmwf/system_51/hindcast_2000_2016/t850/cds__seasonal-monthly-pressure-levels__ecmwf__system_51__hindcast__2000_2016__t850__m07__lt01-06__NH0_90__grid_1p0.grib,cds__seasonal-monthly-pressure-levels__ecmwf__system_51__hindcast__2000_2016__t850__m07__lt01-06__NH0_90__grid_1p0.grib,167422800,7d6d7341655be938b608cc89c94b2e2aa35ba5f1e1fc54946fc74e22ec06f704,/mnt/e/last-aticol/data/raw/c3s/seasonal/monthly-pressure-levels/ecmwf/system_51/hindcast_2000_2016/t850/cds__seasonal-monthly-pressure-levels__ecmwf__system_51__hindcast__2000_2016__t850__m07__lt01-06__NH0_90__grid_1p0.grib.request.json,/mnt/e/last-aticol/data/raw/c3s/seasonal/monthly-pressure-levels/ecmwf/system_51/hindcast_2000_2016/t850/cds__seasonal-monthly-pressure-levels__ecmwf__system_51__hindcast__2000_2016__t850__m07__lt01-06__NH0_90__grid_1p0.grib.sha256
2026-04-30T09:28:13Z,hindcast_2000_2016,t850,2000,2016,08,"1,2,3,4,5,6",seasonal-monthly-pressure-levels,ecmwf,51,temperature,850,"90.0,-180.0,0.0,180.0","1.0,1.0",/mnt/e/last-aticol/data/raw/c3s/seasonal/monthly-pressure-levels/ecmwf/system_51/hindcast_2000_2016/t850/cds__seasonal-monthly-pressure-levels__ecmwf__system_51__hindcast__2000_2016__t850__m08__lt01-06__NH0_90__grid_1p0.grib,cds__seasonal-monthly-pressure-levels__ecmwf__system_51__hindcast__2000_2016__t850__m08__lt01-06__NH0_90__grid_1p0.grib,167422800,14a23dfb7eab753e63ced78632e12a02647e74711f8e614def50b0787da29b15,/mnt/e/last-aticol/data/raw/c3s/seasonal/monthly-pressure-levels/ecmwf/system_51/hindcast_2000_2016/t850/cds__seasonal-monthly-pressure-levels__ecmwf__system_51__hindcast__2000_2016__t850__m08__lt01-06__NH0_90__grid_1p0.grib.request.json,/mnt/e/last-aticol/data/raw/c3s/seasonal/monthly-pressure-levels/ecmwf/system_51/hindcast_2000_2016/t850/cds__seasonal-monthly-pressure-levels__ecmwf__system_51__hindcast__2000_2016__t850__m08__lt01-06__NH0_90__grid_1p0.grib.sha256
2026-04-30T09:28:13Z,hindcast_2000_2016,t850,2000,2016,09,"1,2,3,4,5,6",seasonal-monthly-pressure-levels,ecmwf,51,temperature,850,"90.0,-180.0,0.0,180.0","1.0,1.0",/mnt/e/last-aticol/data/raw/c3s/seasonal/monthly-pressure-levels/ecmwf/system_51/hindcast_2000_2016/t850/cds__seasonal-monthly-pressure-levels__ecmwf__system_51__hindcast__2000_2016__t850__m09__lt01-06__NH0_90__grid_1p0.grib,cds__seasonal-monthly-pressure-levels__ecmwf__system_51__hindcast__2000_2016__t850__m09__lt01-06__NH0_90__grid_1p0.grib,167422800,8920c53e4a5f54d2c309ed015550973fde32ab3e92df049c999543e35384d892,/mnt/e/last-aticol/data/raw/c3s/seasonal/monthly-pressure-levels/ecmwf/system_51/hindcast_2000_2016/t850/cds__seasonal-monthly-pressure-levels__ecmwf__system_51__hindcast__2000_2016__t850__m09__lt01-06__NH0_90__grid_1p0.grib.request.json,/mnt/e/last-aticol/data/raw/c3s/seasonal/monthly-pressure-levels/ecmwf/system_51/hindcast_2000_2016/t850/cds__seasonal-monthly-pressure-levels__ecmwf__system_51__hindcast__2000_2016__t850__m09__lt01-06__NH0_90__grid_1p0.grib.sha256
2026-04-30T09:28:13Z,hindcast_2000_2016,t850,2000,2016,10,"1,2,3,4,5,6",seasonal-monthly-pressure-levels,ecmwf,51,temperature,850,"90.0,-180.0,0.0,180.0","1.0,1.0",/mnt/e/last-aticol/data/raw/c3s/seasonal/monthly-pressure-levels/ecmwf/system_51/hindcast_2000_2016/t850/cds__seasonal-monthly-pressure-levels__ecmwf__system_51__hindcast__2000_2016__t850__m10__lt01-06__NH0_90__grid_1p0.grib,cds__seasonal-monthly-pressure-levels__ecmwf__system_51__hindcast__2000_2016__t850__m10__lt01-06__NH0_90__grid_1p0.grib,167422800,bf47cd5bf256c26139a131f91214abc6ad5e97e8a73330afdd1574fd8ea914f1,/mnt/e/last-aticol/data/raw/c3s/seasonal/monthly-pressure-levels/ecmwf/system_51/hindcast_2000_2016/t850/cds__seasonal-monthly-pressure-levels__ecmwf__system_51__hindcast__2000_2016__t850__m10__lt01-06__NH0_90__grid_1p0.grib.request.json,/mnt/e/last-aticol/data/raw/c3s/seasonal/monthly-pressure-levels/ecmwf/system_51/hindcast_2000_2016/t850/cds__seasonal-monthly-pressure-levels__ecmwf__system_51__hindcast__2000_2016__t850__m10__lt01-06__NH0_90__grid_1p0.grib.sha256
2026-04-30T09:28:13Z,hindcast_2000_2016,t850,2000,2016,11,"1,2,3,4,5,6",seasonal-monthly-pressure-levels,ecmwf,51,temperature,850,"90.0,-180.0,0.0,180.0","1.0,1.0",/mnt/e/last-aticol/data/raw/c3s/seasonal/monthly-pressure-levels/ecmwf/system_51/hindcast_2000_2016/t850/cds__seasonal-monthly-pressure-levels__ecmwf__system_51__hindcast__2000_2016__t850__m11__lt01-06__NH0_90__grid_1p0.grib,cds__seasonal-monthly-pressure-levels__ecmwf__system_51__hindcast__2000_2016__t850__m11__lt01-06__NH0_90__grid_1p0.grib,167422800,8c31356de14be4e11d9ce03bcc9d308ee4499b9692bb1988d32ab82b4614170e,/mnt/e/last-aticol/data/raw/c3s/seasonal/monthly-pressure-levels/ecmwf/system_51/hindcast_2000_2016/t850/cds__seasonal-monthly-pressure-levels__ecmwf__system_51__hindcast__2000_2016__t850__m11__lt01-06__NH0_90__grid_1p0.grib.request.json,/mnt/e/last-aticol/data/raw/c3s/seasonal/monthly-pressure-levels/ecmwf/system_51/hindcast_2000_2016/t850/cds__seasonal-monthly-pressure-levels__ecmwf__system_51__hindcast__2000_2016__t850__m11__lt01-06__NH0_90__grid_1p0.grib.sha256
2026-04-30T09:28:13Z,hindcast_2000_2016,t850,2000,2016,12,"1,2,3,4,5,6",seasonal-monthly-pressure-levels,ecmwf,51,temperature,850,"90.0,-180.0,0.0,180.0","1.0,1.0",/mnt/e/last-aticol/data/raw/c3s/seasonal/monthly-pressure-levels/ecmwf/system_51/hindcast_2000_2016/t850/cds__seasonal-monthly-pressure-levels__ecmwf__system_51__hindcast__2000_2016__t850__m12__lt01-06__NH0_90__grid_1p0.grib,cds__seasonal-monthly-pressure-levels__ecmwf__system_51__hindcast__2000_2016__t850__m12__lt01-06__NH0_90__grid_1p0.grib,167422800,8abcce82ffc4a82ad1e680b89e5376b929270f1a432bdf81840f4d3298655770,/mnt/e/last-aticol/data/raw/c3s/seasonal/monthly-pressure-levels/ecmwf/system_51/hindcast_2000_2016/t850/cds__seasonal-monthly-pressure-levels__ecmwf__system_51__hindcast__2000_2016__t850__m12__lt01-06__NH0_90__grid_1p0.grib.request.json,/mnt/e/last-aticol/data/raw/c3s/seasonal/monthly-pressure-levels/ecmwf/system_51/hindcast_2000_2016/t850/cds__seasonal-monthly-pressure-levels__ecmwf__system_51__hindcast__2000_2016__t850__m12__lt01-06__NH0_90__grid_1p0.grib.sha256
2026-04-30T09:28:13Z,hindcast_2000_2016,z500,2000,2016,01,"1,2,3,4,5,6",seasonal-monthly-pressure-levels,ecmwf,51,geopotential,500,"90.0,-180.0,0.0,180.0","1.0,1.0",/mnt/e/last-aticol/data/raw/c3s/seasonal/monthly-pressure-levels/ecmwf/system_51/hindcast_2000_2016/z500/cds__seasonal-monthly-pressure-levels__ecmwf__system_51__hindcast__2000_2016__z500__m01__lt01-06__NH0_90__grid_1p0.grib,cds__seasonal-monthly-pressure-levels__ecmwf__system_51__hindcast__2000_2016__z500__m01__lt01-06__NH0_90__grid_1p0.grib,167422800,371f7f6b9f62fbac8e193b8a5e72d1e56ab20770f7316a93dcd30dc9259febb2,/mnt/e/last-aticol/data/raw/c3s/seasonal/monthly-pressure-levels/ecmwf/system_51/hindcast_2000_2016/z500/cds__seasonal-monthly-pressure-levels__ecmwf__system_51__hindcast__2000_2016__z500__m01__lt01-06__NH0_90__grid_1p0.grib.request.json,/mnt/e/last-aticol/data/raw/c3s/seasonal/monthly-pressure-levels/ecmwf/system_51/hindcast_2000_2016/z500/cds__seasonal-monthly-pressure-levels__ecmwf__system_51__hindcast__2000_2016__z500__m01__lt01-06__NH0_90__grid_1p0.grib.sha256
2026-04-30T09:28:13Z,hindcast_2000_2016,z500,2000,2016,02,"1,2,3,4,5,6",seasonal-monthly-pressure-levels,ecmwf,51,geopotential,500,"90.0,-180.0,0.0,180.0","1.0,1.0",/mnt/e/last-aticol/data/raw/c3s/seasonal/monthly-pressure-levels/ecmwf/system_51/hindcast_2000_2016/z500/cds__seasonal-monthly-pressure-levels__ecmwf__system_51__hindcast__2000_2016__z500__m02__lt01-06__NH0_90__grid_1p0.grib,cds__seasonal-monthly-pressure-levels__ecmwf__system_51__hindcast__2000_2016__z500__m02__lt01-06__NH0_90__grid_1p0.grib,167422800,ac4839edaaa614e6e7ad371aadc741fb481258ad8d580b99194deea2010a5a03,/mnt/e/last-aticol/data/raw/c3s/seasonal/monthly-pressure-levels/ecmwf/system_51/hindcast_2000_2016/z500/cds__seasonal-monthly-pressure-levels__ecmwf__system_51__hindcast__2000_2016__z500__m02__lt01-06__NH0_90__grid_1p0.grib.request.json,/mnt/e/last-aticol/data/raw/c3s/seasonal/monthly-pressure-levels/ecmwf/system_51/hindcast_2000_2016/z500/cds__seasonal-monthly-pressure-levels__ecmwf__system_51__hindcast__2000_2016__z500__m02__lt01-06__NH0_90__grid_1p0.grib.sha256
2026-04-30T09:28:13Z,hindcast_2000_2016,z500,2000,2016,03,"1,2,3,4,5,6",seasonal-monthly-pressure-levels,ecmwf,51,geopotential,500,"90.0,-180.0,0.0,180.0","1.0,1.0",/mnt/e/last-aticol/data/raw/c3s/seasonal/monthly-pressure-levels/ecmwf/system_51/hindcast_2000_2016/z500/cds__seasonal-monthly-pressure-levels__ecmwf__system_51__hindcast__2000_2016__z500__m03__lt01-06__NH0_90__grid_1p0.grib,cds__seasonal-monthly-pressure-levels__ecmwf__system_51__hindcast__2000_2016__z500__m03__lt01-06__NH0_90__grid_1p0.grib,167422800,ed5fdbd8bb055141d150270fe0d7b94b1113d80f577c54a26bd05c85771ce3a6,/mnt/e/last-aticol/data/raw/c3s/seasonal/monthly-pressure-levels/ecmwf/system_51/hindcast_2000_2016/z500/cds__seasonal-monthly-pressure-levels__ecmwf__system_51__hindcast__2000_2016__z500__m03__lt01-06__NH0_90__grid_1p0.grib.request.json,/mnt/e/last-aticol/data/raw/c3s/seasonal/monthly-pressure-levels/ecmwf/system_51/hindcast_2000_2016/z500/cds__seasonal-monthly-pressure-levels__ecmwf__system_51__hindcast__2000_2016__z500__m03__lt01-06__NH0_90__grid_1p0.grib.sha256
2026-04-30T09:28:13Z,hindcast_2000_2016,z500,2000,2016,04,"1,2,3,4,5,6",seasonal-monthly-pressure-levels,ecmwf,51,geopotential,500,"90.0,-180.0,0.0,180.0","1.0,1.0",/mnt/e/last-aticol/data/raw/c3s/seasonal/monthly-pressure-levels/ecmwf/system_51/hindcast_2000_2016/z500/cds__seasonal-monthly-pressure-levels__ecmwf__system_51__hindcast__2000_2016__z500__m04__lt01-06__NH0_90__grid_1p0.grib,cds__seasonal-monthly-pressure-levels__ecmwf__system_51__hindcast__2000_2016__z500__m04__lt01-06__NH0_90__grid_1p0.grib,167422800,dabbc2d0844ba754028adf9b47bcdff8c42499a8b53311a0bd113647b4e234b4,/mnt/e/last-aticol/data/raw/c3s/seasonal/monthly-pressure-levels/ecmwf/system_51/hindcast_2000_2016/z500/cds__seasonal-monthly-pressure-levels__ecmwf__system_51__hindcast__2000_2016__z500__m04__lt01-06__NH0_90__grid_1p0.grib.request.json,/mnt/e/last-aticol/data/raw/c3s/seasonal/monthly-pressure-levels/ecmwf/system_51/hindcast_2000_2016/z500/cds__seasonal-monthly-pressure-levels__ecmwf__system_51__hindcast__2000_2016__z500__m04__lt01-06__NH0_90__grid_1p0.grib.sha256
2026-04-30T09:28:13Z,hindcast_2000_2016,z500,2000,2016,05,"1,2,3,4,5,6",seasonal-monthly-pressure-levels,ecmwf,51,geopotential,500,"90.0,-180.0,0.0,180.0","1.0,1.0",/mnt/e/last-aticol/data/raw/c3s/seasonal/monthly-pressure-levels/ecmwf/system_51/hindcast_2000_2016/z500/cds__seasonal-monthly-pressure-levels__ecmwf__system_51__hindcast__2000_2016__z500__m05__lt01-06__NH0_90__grid_1p0.grib,cds__seasonal-monthly-pressure-levels__ecmwf__system_51__hindcast__2000_2016__z500__m05__lt01-06__NH0_90__grid_1p0.grib,167422800,be8f11dd0f12496de0427d8bdd94c7210b30b3582a51a0a98e43552e3140006f,/mnt/e/last-aticol/data/raw/c3s/seasonal/monthly-pressure-levels/ecmwf/system_51/hindcast_2000_2016/z500/cds__seasonal-monthly-pressure-levels__ecmwf__system_51__hindcast__2000_2016__z500__m05__lt01-06__NH0_90__grid_1p0.grib.request.json,/mnt/e/last-aticol/data/raw/c3s/seasonal/monthly-pressure-levels/ecmwf/system_51/hindcast_2000_2016/z500/cds__seasonal-monthly-pressure-levels__ecmwf__system_51__hindcast__2000_2016__z500__m05__lt01-06__NH0_90__grid_1p0.grib.sha256
2026-04-30T09:28:13Z,hindcast_2000_2016,z500,2000,2016,06,"1,2,3,4,5,6",seasonal-monthly-pressure-levels,ecmwf,51,geopotential,500,"90.0,-180.0,0.0,180.0","1.0,1.0",/mnt/e/last-aticol/data/raw/c3s/seasonal/monthly-pressure-levels/ecmwf/system_51/hindcast_2000_2016/z500/cds__seasonal-monthly-pressure-levels__ecmwf__system_51__hindcast__2000_2016__z500__m06__lt01-06__NH0_90__grid_1p0.grib,cds__seasonal-monthly-pressure-levels__ecmwf__system_51__hindcast__2000_2016__z500__m06__lt01-06__NH0_90__grid_1p0.grib,167422800,9a950c5226547ca31d13e75f3c5adf8e5d021a8b3a2df5b52d7bc1b36849075d,/mnt/e/last-aticol/data/raw/c3s/seasonal/monthly-pressure-levels/ecmwf/system_51/hindcast_2000_2016/z500/cds__seasonal-monthly-pressure-levels__ecmwf__system_51__hindcast__2000_2016__z500__m06__lt01-06__NH0_90__grid_1p0.grib.request.json,/mnt/e/last-aticol/data/raw/c3s/seasonal/monthly-pressure-levels/ecmwf/system_51/hindcast_2000_2016/z500/cds__seasonal-monthly-pressure-levels__ecmwf__system_51__hindcast__2000_2016__z500__m06__lt01-06__NH0_90__grid_1p0.grib.sha256
2026-04-30T09:28:13Z,hindcast_2000_2016,z500,2000,2016,07,"1,2,3,4,5,6",seasonal-monthly-pressure-levels,ecmwf,51,geopotential,500,"90.0,-180.0,0.0,180.0","1.0,1.0",/mnt/e/last-aticol/data/raw/c3s/seasonal/monthly-pressure-levels/ecmwf/system_51/hindcast_2000_2016/z500/cds__seasonal-monthly-pressure-levels__ecmwf__system_51__hindcast__2000_2016__z500__m07__lt01-06__NH0_90__grid_1p0.grib,cds__seasonal-monthly-pressure-levels__ecmwf__system_51__hindcast__2000_2016__z500__m07__lt01-06__NH0_90__grid_1p0.grib,167422800,ea8a2c33f902fa2c24cf3ba91843ebe79749ab6c356574c3734ca35f2d3fd9a7,/mnt/e/last-aticol/data/raw/c3s/seasonal/monthly-pressure-levels/ecmwf/system_51/hindcast_2000_2016/z500/cds__seasonal-monthly-pressure-levels__ecmwf__system_51__hindcast__2000_2016__z500__m07__lt01-06__NH0_90__grid_1p0.grib.request.json,/mnt/e/last-aticol/data/raw/c3s/seasonal/monthly-pressure-levels/ecmwf/system_51/hindcast_2000_2016/z500/cds__seasonal-monthly-pressure-levels__ecmwf__system_51__hindcast__2000_2016__z500__m07__lt01-06__NH0_90__grid_1p0.grib.sha256
2026-04-30T09:28:13Z,hindcast_2000_2016,z500,2000,2016,08,"1,2,3,4,5,6",seasonal-monthly-pressure-levels,ecmwf,51,geopotential,500,"90.0,-180.0,0.0,180.0","1.0,1.0",/mnt/e/last-aticol/data/raw/c3s/seasonal/monthly-pressure-levels/ecmwf/system_51/hindcast_2000_2016/z500/cds__seasonal-monthly-pressure-levels__ecmwf__system_51__hindcast__2000_2016__z500__m08__lt01-06__NH0_90__grid_1p0.grib,cds__seasonal-monthly-pressure-levels__ecmwf__system_51__hindcast__2000_2016__z500__m08__lt01-06__NH0_90__grid_1p0.grib,167422800,bcbb790e62a9d40048979c7f715debbfcb8aaf4d3bdcfe2e263623131fd0855a,/mnt/e/last-aticol/data/raw/c3s/seasonal/monthly-pressure-levels/ecmwf/system_51/hindcast_2000_2016/z500/cds__seasonal-monthly-pressure-levels__ecmwf__system_51__hindcast__2000_2016__z500__m08__lt01-06__NH0_90__grid_1p0.grib.request.json,/mnt/e/last-aticol/data/raw/c3s/seasonal/monthly-pressure-levels/ecmwf/system_51/hindcast_2000_2016/z500/cds__seasonal-monthly-pressure-levels__ecmwf__system_51__hindcast__2000_2016__z500__m08__lt01-06__NH0_90__grid_1p0.grib.sha256
2026-04-30T09:28:13Z,hindcast_2000_2016,z500,2000,2016,09,"1,2,3,4,5,6",seasonal-monthly-pressure-levels,ecmwf,51,geopotential,500,"90.0,-180.0,0.0,180.0","1.0,1.0",/mnt/e/last-aticol/data/raw/c3s/seasonal/monthly-pressure-levels/ecmwf/system_51/hindcast_2000_2016/z500/cds__seasonal-monthly-pressure-levels__ecmwf__system_51__hindcast__2000_2016__z500__m09__lt01-06__NH0_90__grid_1p0.grib,cds__seasonal-monthly-pressure-levels__ecmwf__system_51__hindcast__2000_2016__z500__m09__lt01-06__NH0_90__grid_1p0.grib,167422800,20024f4a431557266e27bd7f604bf71cbf04ab2358705b86a7e7d7225a1a0e7b,/mnt/e/last-aticol/data/raw/c3s/seasonal/monthly-pressure-levels/ecmwf/system_51/hindcast_2000_2016/z500/cds__seasonal-monthly-pressure-levels__ecmwf__system_51__hindcast__2000_2016__z500__m09__lt01-06__NH0_90__grid_1p0.grib.request.json,/mnt/e/last-aticol/data/raw/c3s/seasonal/monthly-pressure-levels/ecmwf/system_51/hindcast_2000_2016/z500/cds__seasonal-monthly-pressure-levels__ecmwf__system_51__hindcast__2000_2016__z500__m09__lt01-06__NH0_90__grid_1p0.grib.sha256
2026-04-30T09:28:13Z,hindcast_2000_2016,z500,2000,2016,10,"1,2,3,4,5,6",seasonal-monthly-pressure-levels,ecmwf,51,geopotential,500,"90.0,-180.0,0.0,180.0","1.0,1.0",/mnt/e/last-aticol/data/raw/c3s/seasonal/monthly-pressure-levels/ecmwf/system_51/hindcast_2000_2016/z500/cds__seasonal-monthly-pressure-levels__ecmwf__system_51__hindcast__2000_2016__z500__m10__lt01-06__NH0_90__grid_1p0.grib,cds__seasonal-monthly-pressure-levels__ecmwf__system_51__hindcast__2000_2016__z500__m10__lt01-06__NH0_90__grid_1p0.grib,167422800,4713729485749e035f623741adbb878c46ed2dede6cb04781effd54aff7e71f4,/mnt/e/last-aticol/data/raw/c3s/seasonal/monthly-pressure-levels/ecmwf/system_51/hindcast_2000_2016/z500/cds__seasonal-monthly-pressure-levels__ecmwf__system_51__hindcast__2000_2016__z500__m10__lt01-06__NH0_90__grid_1p0.grib.request.json,/mnt/e/last-aticol/data/raw/c3s/seasonal/monthly-pressure-levels/ecmwf/system_51/hindcast_2000_2016/z500/cds__seasonal-monthly-pressure-levels__ecmwf__system_51__hindcast__2000_2016__z500__m10__lt01-06__NH0_90__grid_1p0.grib.sha256
2026-04-30T09:28:13Z,hindcast_2000_2016,z500,2000,2016,11,"1,2,3,4,5,6",seasonal-monthly-pressure-levels,ecmwf,51,geopotential,500,"90.0,-180.0,0.0,180.0","1.0,1.0",/mnt/e/last-aticol/data/raw/c3s/seasonal/monthly-pressure-levels/ecmwf/system_51/hindcast_2000_2016/z500/cds__seasonal-monthly-pressure-levels__ecmwf__system_51__hindcast__2000_2016__z500__m11__lt01-06__NH0_90__grid_1p0.grib,cds__seasonal-monthly-pressure-levels__ecmwf__system_51__hindcast__2000_2016__z500__m11__lt01-06__NH0_90__grid_1p0.grib,167422800,ee95b1fcbe2fa74e128a74341f6c426bca6fe4d2a4adb2027ab1a4bbc3f0e40b,/mnt/e/last-aticol/data/raw/c3s/seasonal/monthly-pressure-levels/ecmwf/system_51/hindcast_2000_2016/z500/cds__seasonal-monthly-pressure-levels__ecmwf__system_51__hindcast__2000_2016__z500__m11__lt01-06__NH0_90__grid_1p0.grib.request.json,/mnt/e/last-aticol/data/raw/c3s/seasonal/monthly-pressure-levels/ecmwf/system_51/hindcast_2000_2016/z500/cds__seasonal-monthly-pressure-levels__ecmwf__system_51__hindcast__2000_2016__z500__m11__lt01-06__NH0_90__grid_1p0.grib.sha256
2026-04-30T09:28:13Z,hindcast_2000_2016,z500,2000,2016,12,"1,2,3,4,5,6",seasonal-monthly-pressure-levels,ecmwf,51,geopotential,500,"90.0,-180.0,0.0,180.0","1.0,1.0",/mnt/e/last-aticol/data/raw/c3s/seasonal/monthly-pressure-levels/ecmwf/system_51/hindcast_2000_2016/z500/cds__seasonal-monthly-pressure-levels__ecmwf__system_51__hindcast__2000_2016__z500__m12__lt01-06__NH0_90__grid_1p0.grib,cds__seasonal-monthly-pressure-levels__ecmwf__system_51__hindcast__2000_2016__z500__m12__lt01-06__NH0_90__grid_1p0.grib,167422800,545071242dc3dc6028899594b0a05291f443c88b9b0254f04f7bb5588a78e25c,/mnt/e/last-aticol/data/raw/c3s/seasonal/monthly-pressure-levels/ecmwf/system_51/hindcast_2000_2016/z500/cds__seasonal-monthly-pressure-levels__ecmwf__system_51__hindcast__2000_2016__z500__m12__lt01-06__NH0_90__grid_1p0.grib.request.json,/mnt/e/last-aticol/data/raw/c3s/seasonal/monthly-pressure-levels/ecmwf/system_51/hindcast_2000_2016/z500/cds__seasonal-monthly-pressure-levels__ecmwf__system_51__hindcast__2000_2016__z500__m12__lt01-06__NH0_90__grid_1p0.grib.sha256
2026-04-30T09:28:13Z,hindcast_2000_2016,z925,2000,2016,01,"1,2,3,4,5,6",seasonal-monthly-pressure-levels,ecmwf,51,geopotential,925,"90.0,-180.0,0.0,180.0","1.0,1.0",/mnt/e/last-aticol/data/raw/c3s/seasonal/monthly-pressure-levels/ecmwf/system_51/hindcast_2000_2016/z925/cds__seasonal-monthly-pressure-levels__ecmwf__system_51__hindcast__2000_2016__z925__m01__lt01-06__NH0_90__grid_1p0.grib,cds__seasonal-monthly-pressure-levels__ecmwf__system_51__hindcast__2000_2016__z925__m01__lt01-06__NH0_90__grid_1p0.grib,167422800,f36eb1bf862dd6e9f22d4ddfe2ebb09802de0de02c03694915705613cbba9ff4,/mnt/e/last-aticol/data/raw/c3s/seasonal/monthly-pressure-levels/ecmwf/system_51/hindcast_2000_2016/z925/cds__seasonal-monthly-pressure-levels__ecmwf__system_51__hindcast__2000_2016__z925__m01__lt01-06__NH0_90__grid_1p0.grib.request.json,/mnt/e/last-aticol/data/raw/c3s/seasonal/monthly-pressure-levels/ecmwf/system_51/hindcast_2000_2016/z925/cds__seasonal-monthly-pressure-levels__ecmwf__system_51__hindcast__2000_2016__z925__m01__lt01-06__NH0_90__grid_1p0.grib.sha256
2026-04-30T09:28:13Z,hindcast_2000_2016,z925,2000,2016,02,"1,2,3,4,5,6",seasonal-monthly-pressure-levels,ecmwf,51,geopotential,925,"90.0,-180.0,0.0,180.0","1.0,1.0",/mnt/e/last-aticol/data/raw/c3s/seasonal/monthly-pressure-levels/ecmwf/system_51/hindcast_2000_2016/z925/cds__seasonal-monthly-pressure-levels__ecmwf__system_51__hindcast__2000_2016__z925__m02__lt01-06__NH0_90__grid_1p0.grib,cds__seasonal-monthly-pressure-levels__ecmwf__system_51__hindcast__2000_2016__z925__m02__lt01-06__NH0_90__grid_1p0.grib,167422800,0747b6419df7488a0e26f1489cc5e2992cb788775dc7bcd7750e34d35edd1664,/mnt/e/last-aticol/data/raw/c3s/seasonal/monthly-pressure-levels/ecmwf/system_51/hindcast_2000_2016/z925/cds__seasonal-monthly-pressure-levels__ecmwf__system_51__hindcast__2000_2016__z925__m02__lt01-06__NH0_90__grid_1p0.grib.request.json,/mnt/e/last-aticol/data/raw/c3s/seasonal/monthly-pressure-levels/ecmwf/system_51/hindcast_2000_2016/z925/cds__seasonal-monthly-pressure-levels__ecmwf__system_51__hindcast__2000_2016__z925__m02__lt01-06__NH0_90__grid_1p0.grib.sha256
2026-04-30T09:28:13Z,hindcast_2000_2016,z925,2000,2016,03,"1,2,3,4,5,6",seasonal-monthly-pressure-levels,ecmwf,51,geopotential,925,"90.0,-180.0,0.0,180.0","1.0,1.0",/mnt/e/last-aticol/data/raw/c3s/seasonal/monthly-pressure-levels/ecmwf/system_51/hindcast_2000_2016/z925/cds__seasonal-monthly-pressure-levels__ecmwf__system_51__hindcast__2000_2016__z925__m03__lt01-06__NH0_90__grid_1p0.grib,cds__seasonal-monthly-pressure-levels__ecmwf__system_51__hindcast__2000_2016__z925__m03__lt01-06__NH0_90__grid_1p0.grib,167422800,b3dbbcc5f9e805fccb26cd4fe9064739a6c80fa21a7c577c349b12a1081de70e,/mnt/e/last-aticol/data/raw/c3s/seasonal/monthly-pressure-levels/ecmwf/system_51/hindcast_2000_2016/z925/cds__seasonal-monthly-pressure-levels__ecmwf__system_51__hindcast__2000_2016__z925__m03__lt01-06__NH0_90__grid_1p0.grib.request.json,/mnt/e/last-aticol/data/raw/c3s/seasonal/monthly-pressure-levels/ecmwf/system_51/hindcast_2000_2016/z925/cds__seasonal-monthly-pressure-levels__ecmwf__system_51__hindcast__2000_2016__z925__m03__lt01-06__NH0_90__grid_1p0.grib.sha256
2026-04-30T09:28:13Z,hindcast_2000_2016,z925,2000,2016,04,"1,2,3,4,5,6",seasonal-monthly-pressure-levels,ecmwf,51,geopotential,925,"90.0,-180.0,0.0,180.0","1.0,1.0",/mnt/e/last-aticol/data/raw/c3s/seasonal/monthly-pressure-levels/ecmwf/system_51/hindcast_2000_2016/z925/cds__seasonal-monthly-pressure-levels__ecmwf__system_51__hindcast__2000_2016__z925__m04__lt01-06__NH0_90__grid_1p0.grib,cds__seasonal-monthly-pressure-levels__ecmwf__system_51__hindcast__2000_2016__z925__m04__lt01-06__NH0_90__grid_1p0.grib,167422800,421a8be16a6a0f33652ac0b5865571681db0c75a4987dc9ae345207fa27f6049,/mnt/e/last-aticol/data/raw/c3s/seasonal/monthly-pressure-levels/ecmwf/system_51/hindcast_2000_2016/z925/cds__seasonal-monthly-pressure-levels__ecmwf__system_51__hindcast__2000_2016__z925__m04__lt01-06__NH0_90__grid_1p0.grib.request.json,/mnt/e/last-aticol/data/raw/c3s/seasonal/monthly-pressure-levels/ecmwf/system_51/hindcast_2000_2016/z925/cds__seasonal-monthly-pressure-levels__ecmwf__system_51__hindcast__2000_2016__z925__m04__lt01-06__NH0_90__grid_1p0.grib.sha256
2026-04-30T09:28:13Z,hindcast_2000_2016,z925,2000,2016,05,"1,2,3,4,5,6",seasonal-monthly-pressure-levels,ecmwf,51,geopotential,925,"90.0,-180.0,0.0,180.0","1.0,1.0",/mnt/e/last-aticol/data/raw/c3s/seasonal/monthly-pressure-levels/ecmwf/system_51/hindcast_2000_2016/z925/cds__seasonal-monthly-pressure-levels__ecmwf__system_51__hindcast__2000_2016__z925__m05__lt01-06__NH0_90__grid_1p0.grib,cds__seasonal-monthly-pressure-levels__ecmwf__system_51__hindcast__2000_2016__z925__m05__lt01-06__NH0_90__grid_1p0.grib,167422800,127475efa78c62e5643ea924d011ca94c201a3aab89717682806c5b240acef19,/mnt/e/last-aticol/data/raw/c3s/seasonal/monthly-pressure-levels/ecmwf/system_51/hindcast_2000_2016/z925/cds__seasonal-monthly-pressure-levels__ecmwf__system_51__hindcast__2000_2016__z925__m05__lt01-06__NH0_90__grid_1p0.grib.request.json,/mnt/e/last-aticol/data/raw/c3s/seasonal/monthly-pressure-levels/ecmwf/system_51/hindcast_2000_2016/z925/cds__seasonal-monthly-pressure-levels__ecmwf__system_51__hindcast__2000_2016__z925__m05__lt01-06__NH0_90__grid_1p0.grib.sha256
2026-04-30T09:28:13Z,hindcast_2000_2016,z925,2000,2016,06,"1,2,3,4,5,6",seasonal-monthly-pressure-levels,ecmwf,51,geopotential,925,"90.0,-180.0,0.0,180.0","1.0,1.0",/mnt/e/last-aticol/data/raw/c3s/seasonal/monthly-pressure-levels/ecmwf/system_51/hindcast_2000_2016/z925/cds__seasonal-monthly-pressure-levels__ecmwf__system_51__hindcast__2000_2016__z925__m06__lt01-06__NH0_90__grid_1p0.grib,cds__seasonal-monthly-pressure-levels__ecmwf__system_51__hindcast__2000_2016__z925__m06__lt01-06__NH0_90__grid_1p0.grib,167422800,5e834c900f67b1be58edda323b7f9544a9d41c27d451255264fc49b605178785,/mnt/e/last-aticol/data/raw/c3s/seasonal/monthly-pressure-levels/ecmwf/system_51/hindcast_2000_2016/z925/cds__seasonal-monthly-pressure-levels__ecmwf__system_51__hindcast__2000_2016__z925__m06__lt01-06__NH0_90__grid_1p0.grib.request.json,/mnt/e/last-aticol/data/raw/c3s/seasonal/monthly-pressure-levels/ecmwf/system_51/hindcast_2000_2016/z925/cds__seasonal-monthly-pressure-levels__ecmwf__system_51__hindcast__2000_2016__z925__m06__lt01-06__NH0_90__grid_1p0.grib.sha256
2026-04-30T09:28:13Z,hindcast_2000_2016,z925,2000,2016,07,"1,2,3,4,5,6",seasonal-monthly-pressure-levels,ecmwf,51,geopotential,925,"90.0,-180.0,0.0,180.0","1.0,1.0",/mnt/e/last-aticol/data/raw/c3s/seasonal/monthly-pressure-levels/ecmwf/system_51/hindcast_2000_2016/z925/cds__seasonal-monthly-pressure-levels__ecmwf__system_51__hindcast__2000_2016__z925__m07__lt01-06__NH0_90__grid_1p0.grib,cds__seasonal-monthly-pressure-levels__ecmwf__system_51__hindcast__2000_2016__z925__m07__lt01-06__NH0_90__grid_1p0.grib,167422800,8cc654068c81dfe6b4d9b5476b2c79035e64f37d7c1ff13d23c788981a3d7cf1,/mnt/e/last-aticol/data/raw/c3s/seasonal/monthly-pressure-levels/ecmwf/system_51/hindcast_2000_2016/z925/cds__seasonal-monthly-pressure-levels__ecmwf__system_51__hindcast__2000_2016__z925__m07__lt01-06__NH0_90__grid_1p0.grib.request.json,/mnt/e/last-aticol/data/raw/c3s/seasonal/monthly-pressure-levels/ecmwf/system_51/hindcast_2000_2016/z925/cds__seasonal-monthly-pressure-levels__ecmwf__system_51__hindcast__2000_2016__z925__m07__lt01-06__NH0_90__grid_1p0.grib.sha256
2026-04-30T09:28:13Z,hindcast_2000_2016,z925,2000,2016,08,"1,2,3,4,5,6",seasonal-monthly-pressure-levels,ecmwf,51,geopotential,925,"90.0,-180.0,0.0,180.0","1.0,1.0",/mnt/e/last-aticol/data/raw/c3s/seasonal/monthly-pressure-levels/ecmwf/system_51/hindcast_2000_2016/z925/cds__seasonal-monthly-pressure-levels__ecmwf__system_51__hindcast__2000_2016__z925__m08__lt01-06__NH0_90__grid_1p0.grib,cds__seasonal-monthly-pressure-levels__ecmwf__system_51__hindcast__2000_2016__z925__m08__lt01-06__NH0_90__grid_1p0.grib,167422800,d786a0edde9bee6d7e71a60a516b25a1092a020479a14d9094a5776e4045bde6,/mnt/e/last-aticol/data/raw/c3s/seasonal/monthly-pressure-levels/ecmwf/system_51/hindcast_2000_2016/z925/cds__seasonal-monthly-pressure-levels__ecmwf__system_51__hindcast__2000_2016__z925__m08__lt01-06__NH0_90__grid_1p0.grib.request.json,/mnt/e/last-aticol/data/raw/c3s/seasonal/monthly-pressure-levels/ecmwf/system_51/hindcast_2000_2016/z925/cds__seasonal-monthly-pressure-levels__ecmwf__system_51__hindcast__2000_2016__z925__m08__lt01-06__NH0_90__grid_1p0.grib.sha256
2026-04-30T09:28:13Z,hindcast_2000_2016,z925,2000,2016,09,"1,2,3,4,5,6",seasonal-monthly-pressure-levels,ecmwf,51,geopotential,925,"90.0,-180.0,0.0,180.0","1.0,1.0",/mnt/e/last-aticol/data/raw/c3s/seasonal/monthly-pressure-levels/ecmwf/system_51/hindcast_2000_2016/z925/cds__seasonal-monthly-pressure-levels__ecmwf__system_51__hindcast__2000_2016__z925__m09__lt01-06__NH0_90__grid_1p0.grib,cds__seasonal-monthly-pressure-levels__ecmwf__system_51__hindcast__2000_2016__z925__m09__lt01-06__NH0_90__grid_1p0.grib,167422800,d967372e791b4f0bcd00a2d453155d0906304c149e7d38261b20a7576b24654d,/mnt/e/last-aticol/data/raw/c3s/seasonal/monthly-pressure-levels/ecmwf/system_51/hindcast_2000_2016/z925/cds__seasonal-monthly-pressure-levels__ecmwf__system_51__hindcast__2000_2016__z925__m09__lt01-06__NH0_90__grid_1p0.grib.request.json,/mnt/e/last-aticol/data/raw/c3s/seasonal/monthly-pressure-levels/ecmwf/system_51/hindcast_2000_2016/z925/cds__seasonal-monthly-pressure-levels__ecmwf__system_51__hindcast__2000_2016__z925__m09__lt01-06__NH0_90__grid_1p0.grib.sha256
2026-04-30T09:28:13Z,hindcast_2000_2016,z925,2000,2016,10,"1,2,3,4,5,6",seasonal-monthly-pressure-levels,ecmwf,51,geopotential,925,"90.0,-180.0,0.0,180.0","1.0,1.0",/mnt/e/last-aticol/data/raw/c3s/seasonal/monthly-pressure-levels/ecmwf/system_51/hindcast_2000_2016/z925/cds__seasonal-monthly-pressure-levels__ecmwf__system_51__hindcast__2000_2016__z925__m10__lt01-06__NH0_90__grid_1p0.grib,cds__seasonal-monthly-pressure-levels__ecmwf__system_51__hindcast__2000_2016__z925__m10__lt01-06__NH0_90__grid_1p0.grib,167422800,abda89a56b95ab22f1130f3f17a49d5753094468f5576f5d8c4bbbc9b596ed24,/mnt/e/last-aticol/data/raw/c3s/seasonal/monthly-pressure-levels/ecmwf/system_51/hindcast_2000_2016/z925/cds__seasonal-monthly-pressure-levels__ecmwf__system_51__hindcast__2000_2016__z925__m10__lt01-06__NH0_90__grid_1p0.grib.request.json,/mnt/e/last-aticol/data/raw/c3s/seasonal/monthly-pressure-levels/ecmwf/system_51/hindcast_2000_2016/z925/cds__seasonal-monthly-pressure-levels__ecmwf__system_51__hindcast__2000_2016__z925__m10__lt01-06__NH0_90__grid_1p0.grib.sha256
2026-04-30T09:28:13Z,hindcast_2000_2016,z925,2000,2016,11,"1,2,3,4,5,6",seasonal-monthly-pressure-levels,ecmwf,51,geopotential,925,"90.0,-180.0,0.0,180.0","1.0,1.0",/mnt/e/last-aticol/data/raw/c3s/seasonal/monthly-pressure-levels/ecmwf/system_51/hindcast_2000_2016/z925/cds__seasonal-monthly-pressure-levels__ecmwf__system_51__hindcast__2000_2016__z925__m11__lt01-06__NH0_90__grid_1p0.grib,cds__seasonal-monthly-pressure-levels__ecmwf__system_51__hindcast__2000_2016__z925__m11__lt01-06__NH0_90__grid_1p0.grib,167422800,a3bd98f318e19cd5d0bfc5439eb509899ecc812c4578ae9df188617f9cc46896,/mnt/e/last-aticol/data/raw/c3s/seasonal/monthly-pressure-levels/ecmwf/system_51/hindcast_2000_2016/z925/cds__seasonal-monthly-pressure-levels__ecmwf__system_51__hindcast__2000_2016__z925__m11__lt01-06__NH0_90__grid_1p0.grib.request.json,/mnt/e/last-aticol/data/raw/c3s/seasonal/monthly-pressure-levels/ecmwf/system_51/hindcast_2000_2016/z925/cds__seasonal-monthly-pressure-levels__ecmwf__system_51__hindcast__2000_2016__z925__m11__lt01-06__NH0_90__grid_1p0.grib.sha256
2026-04-30T09:28:13Z,hindcast_2000_2016,z925,2000,2016,12,"1,2,3,4,5,6",seasonal-monthly-pressure-levels,ecmwf,51,geopotential,925,"90.0,-180.0,0.0,180.0","1.0,1.0",/mnt/e/last-aticol/data/raw/c3s/seasonal/monthly-pressure-levels/ecmwf/system_51/hindcast_2000_2016/z925/cds__seasonal-monthly-pressure-levels__ecmwf__system_51__hindcast__2000_2016__z925__m12__lt01-06__NH0_90__grid_1p0.grib,cds__seasonal-monthly-pressure-levels__ecmwf__system_51__hindcast__2000_2016__z925__m12__lt01-06__NH0_90__grid_1p0.grib,167422800,fd8dc1a4c07365dba43fdf392652493cdfe2c42e815433662f30b6f54a02f5ad,/mnt/e/last-aticol/data/raw/c3s/seasonal/monthly-pressure-levels/ecmwf/system_51/hindcast_2000_2016/z925/cds__seasonal-monthly-pressure-levels__ecmwf__system_51__hindcast__2000_2016__z925__m12__lt01-06__NH0_90__grid_1p0.grib.request.json,/mnt/e/last-aticol/data/raw/c3s/seasonal/monthly-pressure-levels/ecmwf/system_51/hindcast_2000_2016/z925/cds__seasonal-monthly-pressure-levels__ecmwf__system_51__hindcast__2000_2016__z925__m12__lt01-06__NH0_90__grid_1p0.grib.sha256
